[
  {
    "nombre": "Granola",
    "presentacion": "paquete 1lb",
    "cantidad": 8,
    "precio": null
  },
  {
    "nombre": "Sal rosada",
    "presentacion": "paquete",
    "cantidad": 1,
    "precio": null
  },
  {
    "nombre": "Estuche de salero y cúrcuma",
    "presentacion": "unidad",
    "cantidad": 1,
    "precio": 48000
  },
  {
    "nombre": "Almendra",
    "presentacion": "500g",
    "cantidad": 2,
    "precio": null
  },
  {
    "nombre": "Almendra",
    "presentacion": "250g",
    "cantidad": 18,
    "precio": null
  },
  {
    "nombre": "Almendra",
    "presentacion": "100g",
    "cantidad": 7,
    "precio": null
  },
  {
    "nombre": "Pistacho",
    "presentacion": "500g",
    "cantidad": 1,
    "precio": null
  },
  {
    "nombre": "Pistacho",
    "presentacion": "250g",
    "cantidad": 6,
    "precio": null
  },
  {
    "nombre": "Pistacho",
    "presentacion": "100g",
    "cantidad": 10,
    "precio": null
  },
  {
    "nombre": "Marañón",
    "presentacion": "500g",
    "cantidad": 5,
    "precio": null
  },
  {
    "nombre": "Marañón",
    "presentacion": "250g",
    "cantidad": 7,
    "precio": null
  },
  {
    "nombre": "Marañón",
    "presentacion": "100g",
    "cantidad": 8,
    "precio": null
  },
  {
    "nombre": "Nuez brasil",
    "presentacion": "500g",
    "cantidad": 4,
    "precio": null
  },
  {
    "nombre": "Nuez brasil",
    "presentacion": "250g",
    "cantidad": 14,
    "precio": null
  },
  {
    "nombre": "Nuez brasil",
    "presentacion": "100g",
    "cantidad": 14,
    "precio": null
  },
  {
    "nombre": "Nuez brasil",
    "presentacion": "50g",
    "cantidad": 13,
    "precio": null
  },
  {
    "nombre": "Nuez pecan",
    "presentacion": "unidad",
    "cantidad": 0,
    "precio": null
  },
  {
    "nombre": "Nuez nogal",
    "presentacion": "250g",
    "cantidad": 5,
    "precio": null
  },
  {
    "nombre": "Nuez nogal",
    "presentacion": "100g",
    "cantidad": 3,
    "precio": null
  },
  {
    "nombre": "Maní tostado con sal",
    "presentacion": "75g",
    "cantidad": 14,
    "precio": null
  },
  {
    "nombre": "Maní tostado con sal",
    "presentacion": "125g",
    "cantidad": 6,
    "precio": null
  },
  {
    "nombre": "Flor de Jamaica",
    "presentacion": "100g",
    "cantidad": 10,
    "precio": null
  },
  {
    "nombre": "Flor de Jamaica",
    "presentacion": "50g",
    "cantidad": 18,
    "precio": null
  },
  {
    "nombre": "Manzanilla",
    "presentacion": "50g",
    "cantidad": 1,
    "precio": null
  },
  {
    "nombre": "Gelatina negra",
    "presentacion": "paquete",
    "cantidad": 6,
    "precio": null
  },
  {
    "nombre": "Miel",
    "presentacion": "160g",
    "cantidad": 3,
    "precio": null
  },
  {
    "nombre": "Miel",
    "presentacion": "310g",
    "cantidad": 7,
    "precio": null
  },
  {
    "nombre": "Miel",
    "presentacion": "450g",
    "cantidad": 6,
    "precio": null
  },
  {
    "nombre": "Propóleo",
    "presentacion": "unidad",
    "cantidad": 3,
    "precio": null
  },
  {
    "nombre": "Mezcla frutos secos",
    "presentacion": "200g",
    "cantidad": 6,
    "precio": 13500
  },
  {
    "nombre": "Mezcla frutos secos",
    "presentacion": "250g",
    "cantidad": 9,
    "precio": 27900
  },
  {
    "nombre": "Mezcla frutos secos niños",
    "presentacion": "125g",
    "cantidad": 4,
    "precio": 14900
  },
  {
    "nombre": "Mezcla frutos secos niños",
    "presentacion": "75g",
    "cantidad": 1,
    "precio": 9900
  },
  {
    "nombre": "Mezcla maní",
    "presentacion": "unidad",
    "cantidad": 8,
    "precio": 2000
  },
  {
    "nombre": "Dátiles",
    "presentacion": "500g",
    "cantidad": 1,
    "precio": null
  },
  {
    "nombre": "Dátiles",
    "presentacion": "250g",
    "cantidad": 7,
    "precio": null
  },
  {
    "nombre": "Dátiles",
    "presentacion": "100g",
    "cantidad": 5,
    "precio": null
  },
  {
    "nombre": "Ciruela",
    "presentacion": "250g",
    "cantidad": 0,
    "precio": null
  },
  {
    "nombre": "Ciruela",
    "presentacion": "125g",
    "cantidad": 7,
    "precio": null
  },
  {
    "nombre": "Ciruela",
    "presentacion": "100g",
    "cantidad": 1,
    "precio": null
  },
  {
    "nombre": "Ciruela",
    "presentacion": "75g",
    "cantidad": 16,
    "precio": null
  },
  {
    "nombre": "Lenteja rosada",
    "presentacion": "500g",
    "cantidad": 6,
    "precio": null
  },
  {
    "nombre": "Lenteja rosada",
    "presentacion": "1000g",
    "cantidad": 2,
    "precio": null
  },
  {
    "nombre": "Arándanos",
    "presentacion": "500g",
    "cantidad": 2,
    "precio": null
  },
  {
    "nombre": "Arándanos",
    "presentacion": "250g",
    "cantidad": 7,
    "precio": null
  },
  {
    "nombre": "Arándanos",
    "presentacion": "125g",
    "cantidad": 14,
    "precio": null
  },
  {
    "nombre": "Arándanos",
    "presentacion": "75g",
    "cantidad": 8,
    "precio": null
  },
  {
    "nombre": "Albaricoque",
    "presentacion": "250g",
    "cantidad": 1,
    "precio": null
  },
  {
    "nombre": "Albaricoque",
    "presentacion": "100g",
    "cantidad": 1,
    "precio": null
  },
  {
    "nombre": "Vinagre Golden",
    "presentacion": "botella",
    "cantidad": 2,
    "precio": null
  },
  {
    "nombre": "Harina de avena",
    "presentacion": "500g",
    "cantidad": 22,
    "precio": null
  },
  {
    "nombre": "Ajonjolí",
    "presentacion": "500g",
    "cantidad": 0,
    "precio": null
  },
  {
    "nombre": "Ajonjolí",
    "presentacion": "250g",
    "cantidad": 4,
    "precio": null
  },
  {
    "nombre": "Ajonjolí",
    "presentacion": "125g",
    "cantidad": 3,
    "precio": null
  },
  {
    "nombre": "Semillas de girasol",
    "presentacion": "libra",
    "cantidad": 9,
    "precio": null
  },
  {
    "nombre": "Semillas de girasol",
    "presentacion": "250g",
    "cantidad": 9,
    "precio": null
  },
  {
    "nombre": "Semillas de girasol",
    "presentacion": "125g",
    "cantidad": 10,
    "precio": null
  },
  {
    "nombre": "Quinua",
    "presentacion": "250g",
    "cantidad": 1,
    "precio": null
  },
  {
    "nombre": "Calabaza",
    "presentacion": "250g",
    "cantidad": 5,
    "precio": null
  },
  {
    "nombre": "Calabaza",
    "presentacion": "100g",
    "cantidad": 2,
    "precio": null
  },
  {
    "nombre": "Calabaza",
    "presentacion": "500g",
    "cantidad": 2,
    "precio": null
  },
  {
    "nombre": "Chia",
    "presentacion": "unidad",
    "cantidad": 7,
    "precio": null
  },
  {
    "nombre": "Canela en polvo",
    "presentacion": "frasco 934g",
    "cantidad": 1,
    "precio": null
  },
  {
    "nombre": "Canela en astilla",
    "presentacion": "100g",
    "cantidad": 3,
    "precio": null
  },
  {
    "nombre": "Canela en astilla",
    "presentacion": "50g",
    "cantidad": 2,
    "precio": null
  },
  {
    "nombre": "Jengibre",
    "presentacion": "frasco 632g",
    "cantidad": 1,
    "precio": null
  },
  {
    "nombre": "Jengibre",
    "presentacion": "frasco 381g",
    "cantidad": 1,
    "precio": null
  },
  {
    "nombre": "Cúrcuma",
    "presentacion": "frasco 298g",
    "cantidad": 1,
    "precio": null
  },
  {
    "nombre": "Cúrcuma",
    "presentacion": "frasco 250g",
    "cantidad": 1,
    "precio": null
  },
  {
    "nombre": "Cúrcuma",
    "presentacion": "frasco 365g",
    "cantidad": 1,
    "precio": null
  },
  {
    "nombre": "Cúrcuma",
    "presentacion": "frasco",
    "cantidad": 8,
    "precio": 11900
  },
  {
    "nombre": "Orégano en hoja",
    "presentacion": "unidad",
    "cantidad": 0,
    "precio": null
  },
  {
    "nombre": "Orégano en polvo",
    "presentacion": "frasco 361g",
    "cantidad": 1,
    "precio": null
  },
  {
    "nombre": "Tomillo hojas escama",
    "presentacion": "50g",
    "cantidad": 1,
    "precio": null
  },
  {
    "nombre": "Tomillo en polvo",
    "presentacion": "frasco 207g",
    "cantidad": 1,
    "precio": null
  },
  {
    "nombre": "Tomillo en polvo",
    "presentacion": "50g",
    "cantidad": 10,
    "precio": null
  },
  {
    "nombre": "Anís",
    "presentacion": "50g",
    "cantidad": 1,
    "precio": null
  },
  {
    "nombre": "Anís",
    "presentacion": "30g",
    "cantidad": 0,
    "precio": null
  },
  {
    "nombre": "Anís",
    "presentacion": "20g",
    "cantidad": 1,
    "precio": null
  },
  {
    "nombre": "Cebolla",
    "presentacion": "frasco 325g",
    "cantidad": 1,
    "precio": null
  },
  {
    "nombre": "Pimienta cayena",
    "presentacion": "frasco 969g",
    "cantidad": 1,
    "precio": null
  },
  {
    "nombre": "Pimienta cayena",
    "presentacion": "45g",
    "cantidad": 2,
    "precio": null
  },
  {
    "nombre": "Curry",
    "presentacion": "frasco 376g",
    "cantidad": 1,
    "precio": null
  },
  {
    "nombre": "Ajo escamas",
    "presentacion": "frasco 314g",
    "cantidad": 1,
    "precio": null
  },
  {
    "nombre": "Clavo de olor",
    "presentacion": "34g",
    "cantidad": 1,
    "precio": null
  },
  {
    "nombre": "Pimienta negra pepa",
    "presentacion": "frasco 933g",
    "cantidad": 1,
    "precio": null
  },
  {
    "nombre": "Romero",
    "presentacion": "frasco 191g",
    "cantidad": 1,
    "precio": null
  },
  {
    "nombre": "Achiote molido",
    "presentacion": "unidad",
    "cantidad": 0,
    "precio": null
  },
  {
    "nombre": "Achiote pepa",
    "presentacion": "364g",
    "cantidad": 1,
    "precio": null
  },
  {
    "nombre": "Paprika",
    "presentacion": "frasco 903g",
    "cantidad": 1,
    "precio": null
  },
  {
    "nombre": "Paprika",
    "presentacion": "frasco pequeño",
    "cantidad": 4,
    "precio": 11500
  },
  {
    "nombre": "Nuez moscada",
    "presentacion": "frasco 292g",
    "cantidad": 1,
    "precio": null
  },
  {
    "nombre": "Nuez moscada",
    "presentacion": "75g",
    "cantidad": 1,
    "precio": null
  },
  {
    "nombre": "Paprika frascos",
    "presentacion": "unidad",
    "cantidad": 4,
    "precio": 11500
  },
  {
    "nombre": "Curcuma frascos",
    "presentacion": "unidad",
    "cantidad": 8,
    "precio": 11900
  },
  {
    "nombre": "Cayena frascos",
    "presentacion": "unidad",
    "cantidad": 2,
    "precio": null
  }
]